{
    "transform": [
        [
            0.10448306798934937,
            -0.8023234009742737,
            -0.5876736044883728,
            -0.03479611128568649
        ],
        [
            -0.8023234009742737,
            0.28117167949676514,
            -0.5265163779258728,
            0.08791211992502213
        ],
        [
            0.5876736044883728,
            0.5265163779258728,
            -0.6143451929092407,
            -0.3091147243976593
        ]
    ],
    "scale": 0.1145778960127706
}